{
  "fp32": {
    "model": "FP32",
    "size_mb": 0.07402801513671875,
    "latency_ms": 0.014255301999583025,
    "macro_f1": 0.8296035900063217
  },
  "int8": {
    "model": "INT8",
    "size_mb": 0.02224254608154297,
    "latency_ms": 0.02153390599960403,
    "macro_f1": 0.6839969934117002
  }
}